timestamp,store,product_id,title,price,in_stock
2026-08-21T03:32:14+00:00,Exito,103972507,Consola Playstation 5 Pro 2Tb Digital + 2 Mandos+ Cargador Dobe,4989145,1
2026-08-21T03:32:14+00:00,Exito,104366926,Consola Playstation 5 Pro 2Tb,4800000,1
2026-08-21T03:32:14+00:00,Falabella,145535455,Consola Playstation 5 Pro Digital 2 TB,4699900,1
2026-08-21T03:32:14+00:00,Falabella,139659096,Consola PlayStation 5 Pro,4299900,1
2026-08-21T03:32:14+00:00,Falabella,156109421,Consola PlayStation 5 Pro Digital 2TB + 2 Controles DualSense + Base de Carga Dobe,5199800,1
2026-08-21T03:32:14+00:00,Alkosto,nco_1_control_inalambrico_p_711719595700,Consola PS5 PRO Digital 2 TB Blanco + 1 Control,4199900,1
2026-08-21T03:32:14+00:00,Ktronix,nco_1_control_inalambrico_p_711719595700,Consola PS5 PRO Digital 2 TB Blanco + 1 Control,4199900,1
2026-08-21T03:45:58+00:00,Alkosto,nco_1_control_inalambrico_p_711719595700,Consola PS5 PRO Digital 2 TB Blanco + 1 Control,4199900,0
2026-08-21T03:45:58+00:00,Ktronix,nco_1_control_inalambrico_p_711719595700,Consola PS5 PRO Digital 2 TB Blanco + 1 Control,4199900,0
2026-08-21T03:45:58+00:00,Exito,104366926,Consola Playstation 5 Pro 2Tb,4800000,0
2026-08-21T18:36:20+00:00,Exito,103972507,Consola Playstation 5 Pro 2Tb Digital + 2 Mandos+ Cargador Dobe,4989142,1
2026-08-21T21:24:10+00:00,Exito,104366926,Consola Playstation 5 Pro 2Tb,4799000,1
2026-08-22T21:21:31+00:00,Exito,103972507,Consola Playstation 5 Pro 2Tb Digital + 2 Mandos+ Cargador Dobe,4989136,1
2026-08-22T21:21:31+00:00,Exito,104366926,Consola Playstation 5 Pro 2Tb,4798994,1
2026-08-23T01:19:05+00:00,Exito,103972507,Consola Playstation 5 Pro 2Tb Digital + 2 Mandos+ Cargador Dobe,4989133,1
2026-08-23T01:19:05+00:00,Exito,104366926,Consola Playstation 5 Pro 2Tb,4798991,1
2026-08-23T15:22:20+00:00,Exito,103972507,Consola Playstation 5 Pro 2Tb Digital + 2 Mandos+ Cargador Dobe,4989130,1
2026-08-23T15:22:20+00:00,Exito,104366926,Consola Playstation 5 Pro 2Tb,4798988,1
2026-08-24T12:49:52+00:00,Exito,104366926,Consola Playstation 5 Pro 2Tb,4849000,1
2026-08-24T18:39:37+00:00,Falabella,145535455,Consola Playstation 5 Pro Digital 2 TB,4599900,1
2026-08-25T01:14:58+00:00,Exito,103972507,Consola Playstation 5 Pro 2Tb Digital + 2 Mandos+ Cargador Dobe,4989130,0
2026-08-25T01:14:58+00:00,Exito,104366926,Consola Playstation 5 Pro 2Tb,4849000,0
2026-08-25T21:28:03+00:00,Exito,103972507,Consola Playstation 5 Pro 2Tb Digital + 2 Mandos+ Cargador Dobe,4989127,1
2026-08-26T01:17:08+00:00,Exito,103972507,Consola Playstation 5 Pro 2Tb Digital + 2 Mandos+ Cargador Dobe,4989124,1
2026-08-26T16:18:02+00:00,Exito,103972507,Consola Playstation 5 Pro 2Tb Digital + 2 Mandos+ Cargador Dobe,4989121,1
2026-08-27T13:50:22+00:00,Exito,103972507,Consola Playstation 5 Pro 2Tb Digital + 2 Mandos+ Cargador Dobe,4989115,1
2026-08-28T00:15:19+00:00,Exito,103972507,Consola Playstation 5 Pro 2Tb Digital + 2 Mandos+ Cargador Dobe,4989115,0
2026-08-29T05:53:22+00:00,Exito,103972507,Consola Playstation 5 Pro 2Tb Digital + 2 Mandos+ Cargador Dobe,4989106,1
2026-08-29T18:11:41+00:00,Exito,103972507,Consola Playstation 5 Pro 2Tb Digital + 2 Mandos+ Cargador Dobe,4989103,1
2026-08-29T23:00:04+00:00,Exito,103972507,Consola Playstation 5 Pro 2Tb Digital + 2 Mandos+ Cargador Dobe,4989103,0
2026-08-30T03:57:16+00:00,Exito,103972507,Consola Playstation 5 Pro 2Tb Digital + 2 Mandos+ Cargador Dobe,4989103,1
2026-08-30T23:13:52+00:00,Exito,103972507,Consola Playstation 5 Pro 2Tb Digital + 2 Mandos+ Cargador Dobe,4989100,1
2026-08-30T23:13:52+00:00,Falabella,156109421,Consola PlayStation 5 Pro Digital 2TB + 2 Controles DualSense + Base de Carga Dobe,5199800,0
2026-08-31T04:01:01+00:00,Exito,103972507,Consola Playstation 5 Pro 2Tb Digital + 2 Mandos+ Cargador Dobe,4989097,1
2026-08-31T20:40:38+00:00,Exito,103972507,Consola Playstation 5 Pro 2Tb Digital + 2 Mandos+ Cargador Dobe,4989074,1
2026-08-31T20:40:38+00:00,Falabella,139659096,Consola PlayStation 5 Pro,4299900,0
2026-09-01T00:24:34+00:00,Exito,103972507,Consola Playstation 5 Pro 2Tb Digital + 2 Mandos+ Cargador Dobe,4989065,1
2026-09-01T08:21:16+00:00,Exito,103972507,Consola Playstation 5 Pro 2Tb Digital + 2 Mandos+ Cargador Dobe,4989017,1
2026-09-01T13:57:27+00:00,Exito,103972507,Consola Playstation 5 Pro 2Tb Digital + 2 Mandos+ Cargador Dobe,4988993,1
2026-09-01T18:10:39+00:00,Exito,103972507,Consola Playstation 5 Pro 2Tb Digital + 2 Mandos+ Cargador Dobe,4988969,1
2026-09-01T23:04:03+00:00,Exito,103972507,Consola Playstation 5 Pro 2Tb Digital + 2 Mandos+ Cargador Dobe,4988945,1
2026-09-02T03:11:04+00:00,Exito,103972507,Consola Playstation 5 Pro 2Tb Digital + 2 Mandos+ Cargador Dobe,4988897,1
2026-09-02T03:11:04+00:00,Falabella,156109421,Consola PlayStation 5 Pro Digital 2TB + 2 Controles DualSense+ Cargador Dobe,5299800,1
2026-09-02T16:04:14+00:00,Exito,103972507,Consola Playstation 5 Pro 2Tb Digital + 2 Mandos+ Cargador Dobe,4988873,1
2026-09-02T20:35:32+00:00,Exito,103972507,Consola Playstation 5 Pro 2Tb Digital + 2 Mandos+ Cargador Dobe,4988801,1
2026-09-05T14:41:55+00:00,Exito,103972507,Consola Playstation 5 Pro 2Tb Digital + 2 Mandos+ Cargador Dobe,4988585,1
2026-09-05T17:10:49+00:00,Exito,103972507,Consola Playstation 5 Pro 2Tb Digital + 2 Mandos+ Cargador Dobe,4988561,1
2026-09-06T03:14:16+00:00,Exito,103972507,Consola Playstation 5 Pro 2Tb Digital + 2 Mandos+ Cargador Dobe,4498978,1
2026-09-06T20:03:59+00:00,Exito,103972507,Consola Playstation 5 Pro 2Tb Digital + 2 Mandos+ Cargador Dobe,4498956,1
2026-09-07T03:12:32+00:00,Exito,103972507,Consola Playstation 5 Pro 2Tb Digital + 2 Mandos+ Cargador Dobe,4498934,1
2026-09-07T17:21:28+00:00,Exito,103972507,Consola Playstation 5 Pro 2Tb Digital + 2 Mandos+ Cargador Dobe,4498890,1
2026-09-07T21:10:42+00:00,Falabella,145535455,Consola Playstation 5 Pro Digital 2 TB,4599900,0
2026-09-08T03:20:22+00:00,Exito,103972507,Consola Playstation 5 Pro 2Tb Digital + 2 Mandos+ Cargador Dobe,4498824,1
2026-09-08T10:42:06+00:00,Exito,3192604,Consola Ps5 PRO 2 TB Blanco,4597924,1
2026-09-08T16:06:09+00:00,Exito,3192604,Consola Ps5 PRO 2 TB Blanco,4597902,1
2026-09-08T16:06:09+00:00,Exito,103972507,Consola Playstation 5 Pro 2Tb Digital + 2 Mandos+ Cargador Dobe,4498802,1
2026-09-08T20:47:21+00:00,Exito,3192604,Consola Ps5 PRO 2 TB Blanco,4597880,1
2026-09-08T20:47:21+00:00,Exito,103972507,Consola Playstation 5 Pro 2Tb Digital + 2 Mandos+ Cargador Dobe,4498780,1
2026-09-08T23:12:56+00:00,Exito,3192604,Consola Ps5 PRO 2 TB Blanco,4597836,1
2026-09-08T23:12:56+00:00,Exito,103972507,Consola Playstation 5 Pro 2Tb Digital + 2 Mandos+ Cargador Dobe,4498736,1
2026-09-09T16:01:14+00:00,Exito,103972507,Consola Playstation 5 Pro 2Tb Digital + 2 Mandos+ Cargador Dobe,4498714,1
2026-09-09T22:58:04+00:00,Exito,3192604,Consola Ps5 PRO 2 TB Blanco,4597770,1
2026-09-09T22:58:04+00:00,Exito,103972507,Consola Playstation 5 Pro 2Tb Digital + 2 Mandos+ Cargador Dobe,4498648,1
2026-09-10T15:55:06+00:00,Exito,3192604,Consola Ps5 PRO 2 TB Blanco,4597748,1
2026-09-10T15:55:06+00:00,Exito,103972507,Consola Playstation 5 Pro 2Tb Digital + 2 Mandos+ Cargador Dobe,4498626,1
2026-09-10T20:29:02+00:00,Exito,3192604,Consola Ps5 PRO 2 TB Blanco,4597704,1
2026-09-10T20:29:02+00:00,Exito,103972507,Consola Playstation 5 Pro 2Tb Digital + 2 Mandos+ Cargador Dobe,4498582,1
2026-09-11T03:19:07+00:00,Exito,3192604,Consola Ps5 PRO 2 TB Blanco,4597660,1
2026-09-11T03:19:07+00:00,Exito,103972507,Consola Playstation 5 Pro 2Tb Digital + 2 Mandos+ Cargador Dobe,4799800,1
2026-09-11T15:57:54+00:00,Falabella,145535455,Consola Playstation 5 Pro Digital 2 TB,4599900,1
2026-09-11T20:33:04+00:00,Exito,3192604,Consola Ps5 PRO 2 TB Blanco,4597638,1
2026-09-12T03:23:54+00:00,Exito,3192604,Consola Ps5 PRO 2 TB Blanco,4597616,1
2026-09-13T03:29:43+00:00,Exito,3192604,Consola Ps5 PRO 2 TB Blanco,4597594,1
2026-09-14T03:40:02+00:00,Exito,3192604,Consola Ps5 PRO 2 TB Blanco,4597550,1
2026-09-14T18:00:19+00:00,Exito,3192604,Consola Ps5 PRO 2 TB Blanco,4597506,1
2026-09-14T21:45:09+00:00,Exito,3192604,Consola Ps5 PRO 2 TB Blanco,4597484,1
2026-09-15T16:24:32+00:00,Exito,3192604,Consola Ps5 PRO 2 TB Blanco,4597440,1
2026-09-15T20:55:31+00:00,Exito,3192604,Consola Ps5 PRO 2 TB Blanco,4597418,1
2026-09-16T16:15:41+00:00,Exito,3192604,Consola Ps5 PRO 2 TB Blanco,4597396,1
2026-09-17T16:22:19+00:00,Exito,3192604,Consola Ps5 PRO 2 TB Blanco,4597374,1
2026-09-17T20:59:48+00:00,Falabella,145535455,Consola Playstation 5 Pro Digital 2 TB,4299900,1
2026-09-18T15:56:00+00:00,Exito,3192604,Consola Ps5 PRO 2 TB Blanco,4597330,1
2026-09-18T20:29:39+00:00,Exito,3192604,Consola Ps5 PRO 2 TB Blanco,4597308,1
2026-09-18T23:03:07+00:00,Exito,3192604,Consola Ps5 PRO 2 TB Blanco,4597264,1
2026-09-19T20:07:54+00:00,Exito,3192604,Consola Ps5 PRO 2 TB Blanco,4597242,1
2026-09-19T22:42:18+00:00,Exito,104569527,Consola Ps5 Pro Blanca,4829900,1
2026-09-19T22:42:18+00:00,Exito,3192604,Consola Ps5 PRO 2 TB Blanco,4597220,1
2026-09-20T03:42:38+00:00,Exito,3192604,Consola Ps5 PRO 2 TB Blanco,4597198,1
2026-09-20T15:33:18+00:00,Exito,104569527,Consola Ps5 Pro Blanca,4599900,1
2026-09-21T03:37:29+00:00,Exito,3192604,Consola Ps5 PRO 2 TB Blanco,4597154,1
2026-09-21T19:53:07+00:00,Exito,3192604,Consola Ps5 PRO 2 TB Blanco,4597088,1
2026-09-21T23:51:24+00:00,Exito,3192604,Consola Ps5 PRO 2 TB Blanco,4597066,1
2026-09-22T16:23:45+00:00,Exito,3192604,Consola Ps5 PRO 2 TB Blanco,4597022,1
2026-09-22T20:57:03+00:00,Falabella,145535455,Consola Playstation 5 Pro Digital 2 TB,4299900,0
2026-09-23T03:35:56+00:00,Exito,3192604,Consola Ps5 PRO 2 TB Blanco,4597000,1
2026-09-23T16:13:55+00:00,Exito,3192604,Consola Ps5 PRO 2 TB Blanco,4596956,1
2026-09-23T21:09:47+00:00,Exito,3192604,Consola Ps5 PRO 2 TB Blanco,4596934,1
2026-09-24T03:26:28+00:00,Exito,3192604,Consola Ps5 PRO 2 TB Blanco,4596912,1
2026-09-24T16:36:38+00:00,Exito,3192604,Consola Ps5 PRO 2 TB Blanco,4596868,1
2026-09-24T21:12:29+00:00,Falabella,156109421,Consola PlayStation 5 Pro Digital 2TB + 2 Controles DualSense+ Cargador Dobe,5299800,0
2026-09-25T03:43:44+00:00,Exito,3192604,Consola Ps5 PRO 2 TB Blanco,4596846,1
2026-09-25T16:41:57+00:00,Exito,3192604,Consola Ps5 PRO 2 TB Blanco,4798977,1
2026-09-25T21:10:34+00:00,Exito,3192604,Consola Ps5 PRO 2 TB Blanco,4798954,1
2026-09-25T21:10:34+00:00,Falabella,156109421,Consola PlayStation 5 Pro Digital 2TB + 2 Controles DualSense+ Cargador Dobe,5349800,1
2026-09-26T03:49:52+00:00,Exito,3192604,Consola Ps5 PRO 2 TB Blanco,4798931,1
2026-09-26T20:42:43+00:00,Exito,3192604,Consola Ps5 PRO 2 TB Blanco,4798908,1
2026-09-27T03:58:59+00:00,Exito,3192604,Consola Ps5 PRO 2 TB Blanco,4798885,1
2026-09-28T21:06:25+00:00,Exito,3192604,Consola Ps5 PRO 2 TB Blanco,4798816,1
2026-09-29T04:33:11+00:00,Exito,3192604,Consola Ps5 PRO 2 TB Blanco,4798747,1
2026-09-29T19:48:17+00:00,Exito,3192604,Consola Ps5 PRO 2 TB Blanco,4798678,1
2026-09-29T19:48:17+00:00,Falabella,156109421,Consola PlayStation 5 Pro Digital 2TB + 2 Controles DualSense+ Cargador Dobe,5599800,1
2026-09-30T09:22:19+00:00,Exito,3192604,Consola Ps5 PRO 2 TB Blanco,4798655,1
2026-09-30T17:41:18+00:00,Exito,3192604,Consola Ps5 PRO 2 TB Blanco,4798632,1
2026-10-01T12:33:23+00:00,Falabella,156109421,Consola PlayStation 5 Pro Digital 2TB + 2 Controles DualSense+ Cargador Dobe,5699800,1
2026-10-02T00:33:32+00:00,Falabella,156109421,Consola PlayStation 5 Pro Digital 2TB + 2 Controles DualSense+ Cargador Dobe,5599800,1
2026-10-03T11:12:19+00:00,Exito,3192604,Consola Ps5 PRO 2 TB Blanco,4597000,1
2026-10-03T20:39:50+00:00,Exito,3192604,Consola Ps5 PRO 2 TB Blanco,4798632,1
2026-10-04T04:37:00+00:00,Exito,3192604,Consola Ps5 PRO 2 TB Blanco,4798563,1
2026-10-04T16:31:25+00:00,Exito,3192604,Consola Ps5 PRO 2 TB Blanco,4798540,1
2026-10-04T23:51:27+00:00,Exito,3192604,Consola Ps5 PRO 2 TB Blanco,4798517,1
2026-10-05T21:50:36+00:00,Exito,3192604,Consola Ps5 PRO 2 TB Blanco,4798471,1
2026-10-05T22:37:04+00:00,Exito,103972507,Consola Playstation 5 Pro 2Tb Digital + 2 Mandos+ Cargador Dobe,4798136,1
2026-10-05T22:37:04+00:00,Exito,104366926,Playstation 5 Pro 2Tb,4845996,1
2026-10-06T20:04:00+00:00,Exito,3192604,Consola Ps5 PRO 2 TB Blanco,4798425,1
2026-10-06T20:04:00+00:00,Exito,103972507,Consola Playstation 5 Pro 2Tb Digital + 2 Mandos+ Cargador Dobe,4798090,1
2026-10-06T20:04:00+00:00,Exito,104366926,Playstation 5 Pro 2Tb,4598956,1
2026-10-07T00:28:05+00:00,Exito,3192604,Consola Ps5 PRO 2 TB Blanco,4798402,1
2026-10-07T00:28:05+00:00,Exito,103972507,Consola Playstation 5 Pro 2Tb Digital + 2 Mandos+ Cargador Dobe,4798067,1
2026-10-07T00:28:05+00:00,Exito,104366926,Playstation 5 Pro 2Tb,4598934,1
2026-10-07T09:59:34+00:00,Exito,3192604,Consola Ps5 PRO 2 TB Blanco,4798379,1
2026-10-07T09:59:34+00:00,Exito,103972507,Consola Playstation 5 Pro 2Tb Digital + 2 Mandos+ Cargador Dobe,4798044,1
2026-10-07T09:59:34+00:00,Exito,104366926,Playstation 5 Pro 2Tb,4598912,1
